Unnamed: 0,Unnamed: 0.1,Unique Key,Created Date,Closed Date,Agency,Agency Name,Complaint Type,Descriptor,Location Type,Incident Zip,Incident Address,Street Name,Cross Street 1,Cross Street 2,Intersection Street 1,Intersection Street 2,Address Type,City,Landmark,Facility Type,Status,Due Date,Resolution Description,Resolution Action Updated Date,Community Board,BBL,Borough,X Coordinate (State Plane),Y Coordinate (State Plane),Open Data Channel Type,Park Facility Name,Park Borough,Vehicle Type,Taxi Company Borough,Taxi Pick Up Location,Bridge Highway Name,Bridge Highway Direction,Road Ramp,Bridge Highway Segment,Latitude,Longitude,Location,AHV,lonlat,geometry,hour_of_the_day,average_temparature,Descriptor_cat,precipitation_levels,zonedist_cat,AHV,yearbuilt,lotdepth,simple_zone_cat,unitsres,Predicted Enforcability Probability,Predicted Enforcability Score
6,6,43114995,2019-06-26 10:19:00,,DEP,Department of Environmental Protection,Noise,Noise: Construction Equipment (NC1),,11216.0,1260 ATLANTIC AVENUE,ATLANTIC AVENUE,PERRY PL,NOSTRAND AVE,,,ADDRESS,BROOKLYN,,,Open,,,,08 BROOKLYN,3012000027.0,BROOKLYN,997850.0,186482.0,ONLINE,Unspecified,BROOKLYN,,,,,,,,40.678516325837776,-73.95096805060875,"(40.67851632583778, -73.95096805060875)",0,"(-73.950968050608751, 40.678516325837776)",POINT (997849.9999919458 186482.0143935348),10,77.0,3,0.0,59,0,1912.4642857142858,101.45095238095239,1,7.857142857142857,0.68,1
13,13,43104196,2019-06-26 21:58:00,,DEP,Department of Environmental Protection,Noise,Noise: air condition/ventilation equipment (NV1),,10019.0,1740 BROADWAY,BROADWAY,W 55 ST,W 56 ST,,,ADDRESS,NEW YORK,,,Open,,,,05 MANHATTAN,1010270020.0,MANHATTAN,989210.0,218023.0,ONLINE,Unspecified,MANHATTAN,,,,,,,,40.76509779978338,-73.98209451398165,"(40.76509779978338, -73.98209451398165)",1,"(-73.98209451398165, 40.765097799783383)",POINT (989209.9999970495 218023.0144138701),21,77.0,6,0.0,71,1,1934.5365853658536,106.72121951219516,14,37.78048780487805,0.31,2
25,25,43114955,2019-06-26 20:48:00,,DEP,Department of Environmental Protection,Noise,Noise: air condition/ventilation equipment (NV1),,10012.0,275 MULBERRY STREET,MULBERRY STREET,JERSEY ST,E HOUSTON ST,,,ADDRESS,NEW YORK,,,Open,,,,02 MANHATTAN,1005107502.0,MANHATTAN,985559.0,203136.0,PHONE,Unspecified,MANHATTAN,,,,,,,,40.7242380053975,-73.99527743735662,"(40.72423800539751, -73.99527743735663)",0,"(-73.99527743735662, 40.724238005397503)",POINT (985558.9999992262 203136.0144043221),20,77.0,6,0.0,13,0,1896.8316831683169,94.48881188118813,14,13.0,0.55,1
28,28,43118532,2019-06-26 11:14:00,,DEP,Department of Environmental Protection,Noise,Noise: air condition/ventilation equipment (NV1),,10038.0,99 JOHN STREET,JOHN STREET,GOLD ST,CLIFF ST,,,ADDRESS,NEW YORK,,,Open,,,,01 MANHATTAN,1000767502.0,MANHATTAN,982541.0,197222.0,PHONE,Unspecified,MANHATTAN,,,,,,,,40.708005423405226,-74.00616416668282,"(40.708005423405226, -74.00616416668282)",0,"(-74.006164166682822, 40.708005423405226)",POINT (982541.000001014 197222.0144004974),11,77.0,6,0.0,36,0,1957.09375,154.5534375,13,75.296875,0.35,2
29,29,43118533,2019-06-26 10:19:00,,DEP,Department of Environmental Protection,Noise,Noise: air condition/ventilation equipment (NV1),,10014.0,123 BANK STREET,BANK STREET,GREENWICH ST,WASHINGTON ST,,,ADDRESS,NEW YORK,,,Open,,,,02 MANHATTAN,1006350042.0,MANHATTAN,982132.0,207529.0,ONLINE,Unspecified,MANHATTAN,,,,,,,,40.73629555860764,-74.00764262621507,"(40.73629555860764, -74.00764262621506)",0,"(-74.007642626215073, 40.736295558607637)",POINT (982132.0000012541 207529.0144071445),10,77.0,6,0.0,11,0,1908.3308823529412,86.41595588235296,1,8.867647058823529,0.9,1
30,30,43118534,2019-06-26 09:00:00,,DEP,Department of Environmental Protection,Noise,Noise: air condition/ventilation equipment (NV1),,10038.0,59 MAIDEN LANE,MAIDEN LANE,NASSAU ST,WILLIAM ST,,,ADDRESS,NEW YORK,,,Open,,,,01 MANHATTAN,1000670001.0,MANHATTAN,981968.0,197317.0,ONLINE,Unspecified,MANHATTAN,,,,,,,,40.70826604670352,-74.0082309440472,"(40.708266046703514, -74.0082309440472)",0,"(-74.008230944047199, 40.708266046703521)",POINT (981968.0000013517 197317.0144005707),9,77.0,6,0.0,3,0,1802.4875,106.55425,13,21.5875,0.8,1
41,41,43122213,2019-06-26 19:06:00,,DEP,Department of Environmental Protection,Noise,Noise: air condition/ventilation equipment (NV1),,10032.0,1090 ST NICHOLAS AVENUE,ST NICHOLAS AVENUE,W 164 ST,MC KENNA SQ,,,ADDRESS,NEW YORK,,,Open,,,,12 MANHATTAN,1021210024.0,MANHATTAN,1000880.0,244627.0,PHONE,Unspecified,MANHATTAN,,,,,,,,40.83810422504536,-73.93990019853811,"(40.838104225045356, -73.93990019853811)",0,"(-73.939900198538112, 40.838104225045363)",POINT (1000879.999990095 244627.0144307538),19,77.0,6,0.0,22,0,1814.9,102.583,0,12.3,0.8,1
42,42,43122214,2019-06-26 17:49:00,,DEP,Department of Environmental Protection,Noise,Noise: air condition/ventilation equipment (NV1),,10003.0,329 EAST   13 STREET,EAST   13 STREET,2 AVE,1 AVE,,,ADDRESS,NEW YORK,,,Open,,,,03 MANHATTAN,1004550050.0,MANHATTAN,988516.0,205715.0,PHONE,Unspecified,MANHATTAN,,,,,,,,40.73131579980083,-73.98460764538076,"(40.731315799800825, -73.98460764538076)",0,"(-73.984607645380763, 40.731315799800832)",POINT (988515.9999974699 205715.0144059814),17,77.0,6,0.0,46,0,1883.8153846153846,98.40261538461539,17,14.261538461538462,0.65,1
49,49,43122255,2019-06-26 17:44:00,,DEP,Department of Environmental Protection,Noise,Noise: Private Carting Noise (NQ1),,10033.0,,,,,BROADWAY,WEST 178 STREET,INTERSECTION,NEW YORK,,,Open,,,,12 MANHATTAN,,MANHATTAN,1001494.0,248376.0,PHONE,Unspecified,MANHATTAN,,,,,,,,40.84839295261956,-73.93767160055248,"(40.84839295261956, -73.93767160055249)",0,"(-73.937671600552477, 40.848392952619562)",POINT (1001493.999989732 248376.0144331029),17,77.0,9,0.0,56,0,1936.1,118.2215,0,40.3,0.24,2
51,51,43125752,2019-06-26 01:25:00,,DEP,Department of Environmental Protection,Noise,Noise: air condition/ventilation equipment (NV1),,10036.0,570 10 AVENUE,10 AVENUE,W 41 ST,W 42 ST,,,ADDRESS,NEW YORK,,,Open,,,,04 MANHATTAN,1010517502.0,MANHATTAN,985465.0,215951.0,ONLINE,Unspecified,MANHATTAN,,,,,,,,40.75941200062997,-73.99561425235972,"(40.759412000629965, -73.99561425235972)",0,"(-73.995614252359715, 40.759412000629972)",POINT (985464.9999992814 215951.0144125603),1,77.0,6,0.0,36,0,1886.6734693877552,113.68142857142858,17,44.48979591836735,0.37,2
56,56,43125781,2019-06-26 08:06:00,,DEP,Department of Environmental Protection,Noise,Noise: Construction Equipment (NC1),,11216.0,1260 ATLANTIC AVENUE,ATLANTIC AVENUE,PERRY PL,NOSTRAND AVE,,,ADDRESS,BROOKLYN,,,Open,,,,08 BROOKLYN,3012000027.0,BROOKLYN,997850.0,186482.0,PHONE,Unspecified,BROOKLYN,,,,,,,,40.678516325837776,-73.95096805060875,"(40.67851632583778, -73.95096805060875)",0,"(-73.950968050608751, 40.678516325837776)",POINT (997849.9999919458 186482.0143935348),8,77.0,3,0.0,59,0,1912.4642857142858,101.45095238095239,1,7.857142857142857,0.78,1
0,720,43192231,2019-07-03 15:35:00,,DEP,Department of Environmental Protection,Noise,Noise: air condition/ventilation equipment (NV1),,10459.0,1106 HOE AVENUE,HOE AVENUE,WESTCHESTER AVE,W FARMS RD,,,ADDRESS,BRONX,,,Open,,,,02 BRONX,2027510003.0,BRONX,1014469.0,240077.0,UNKNOWN,Unspecified,BRONX,,,,,,,,40.8255797472021,-73.89081092081409,"(40.8255797472021, -73.8908109208141)",0,"(-73.89081092081409, 40.825579747202099)",POINT (1014468.999982019 240077.0144278592),15,81.0,6,0.0,35,0,1859.057142857143,96.91885714285714,0,16.82857142857143,0.96,1
1,721,43192232,2019-07-03 14:06:00,,DEP,Department of Environmental Protection,Noise,Noise: air condition/ventilation equipment (NV1),,10013.0,82 FRANKLIN STREET,FRANKLIN STREET,FRANKLIN PL,AVENUE OF THE AMERICAS,,,ADDRESS,NEW YORK,,,Open,,,,01 MANHATTAN,1001750006.0,MANHATTAN,982938.0,200868.0,UNKNOWN,Unspecified,MANHATTAN,,,,,,,,40.71801289222557,-74.00473294383276,"(40.718012892225566, -74.00473294383276)",0,"(-74.004732943832764, 40.718012892225573)",POINT (982938.0000007743 200868.0144028692),14,81.0,6,0.0,15,0,1881.312101910828,91.29980891719744,14,11.21656050955414,0.82,1
3,723,43192247,2019-07-03 22:37:00,,DEP,Department of Environmental Protection,Noise,Noise: Construction Equipment (NC1),,10128.0,2 EAST   91 STREET,EAST   91 STREET,5 AVE,MADISON AVE,,,ADDRESS,NEW YORK,,,Open,,,,08 MANHATTAN,1015020001.0,MANHATTAN,995918.0,225133.0,UNKNOWN,Unspecified,MANHATTAN,,,,,,,,40.78460657363493,-73.95786644520645,"(40.78460657363493, -73.95786644520645)",0,"(-73.957866445206449, 40.784606573634932)",POINT (995917.9999930651 225133.0144184038),22,81.0,3,0.0,18,0,1920.8181818181818,131.63848484848486,15,13.818181818181818,0.35,2
31,671,43182591,2019-07-03 22:12:00,,DEP,Department of Environmental Protection,Noise,Noise: air condition/ventilation equipment (NV1),,11101.0,47-30 VERNON BOULEVARD,VERNON BOULEVARD,47 RD,48 AVE,,,ADDRESS,Long Island City,,,Open,,,,02 QUEENS,4000300047.0,QUEENS,997143.0,210576.0,UNKNOWN,Unspecified,QUEENS,,,,,,,,40.74464967112952,-73.95347084976036,"(40.74464967112952, -73.95347084976038)",0,"(-73.953470849760365, 40.744649671129523)",POINT (997142.9999923516 210576.0144091058),22,81.0,6,0.0,4,0,1871.7802197802198,105.35498168498168,11,5.9523809523809526,0.71,1
40,680,43184025,2019-07-03 16:00:00,,DEP,Department of Environmental Protection,Noise,Noise: air condition/ventilation equipment (NV1),,10128.0,424 EAST   92 STREET,EAST   92 STREET,1 AVE,FDR DRIVE SB ENTRANCE YORK AVE,,,ADDRESS,NEW YORK,,,Open,,,,08 MANHATTAN,1015710038.0,MANHATTAN,999301.0,223563.0,UNKNOWN,Unspecified,MANHATTAN,,,,,,,,40.780292227677954,-73.94565383434727,"(40.78029222767795, -73.94565383434727)",0,"(-73.945653834347269, 40.780292227677954)",POINT (999300.9999910572 223563.0144174077),16,81.0,6,0.0,85,0,1831.2777777777778,97.08,10,34.77777777777778,0.56,1
49,689,43185379,2019-07-03 12:05:00,,DEP,Department of Environmental Protection,Noise,"Noise, Other Animals (NR6)",,10306.0,8 THAYER PLACE,THAYER PLACE,THOLLEN ST,BEND,,,ADDRESS,STATEN ISLAND,,,Open,,,,03 STATEN ISLAND,5050280026.0,STATEN ISLAND,947755.0,141559.0,UNKNOWN,Unspecified,STATEN ISLAND,,,,,,,,40.55514738099095,-74.13133216519633,"(40.55514738099095, -74.13133216519633)",0,"(-74.131332165196326, 40.555147380990952)",POINT (947755.0000215372 141559.014363958),12,81.0,11,0.0,45,0,1963.0505200594353,102.11612184249627,7,1.4026745913818721,0.17,2
57,697,43185397,2019-07-03 23:53:00,,DEP,Department of Environmental Protection,Noise,Noise: Jack Hammering (NC2),,10128.0,2 EAST   91 STREET,EAST   91 STREET,5 AVE,MADISON AVE,,,ADDRESS,NEW YORK,,,Open,,,,08 MANHATTAN,1015020001.0,MANHATTAN,995918.0,225133.0,UNKNOWN,Unspecified,MANHATTAN,,,,,,,,40.78460657363493,-73.95786644520645,"(40.78460657363493, -73.95786644520645)",0,"(-73.957866445206449, 40.784606573634932)",POINT (995917.9999930651 225133.0144184038),23,81.0,5,0.0,18,0,1920.8181818181818,131.63848484848486,15,13.818181818181818,0.21,2
64,704,43186805,2019-07-03 06:50:00,,DEP,Department of Environmental Protection,Noise,Noise: Construction Before/After Hours (NM1),,10024.0,393 WEST END AVENUE,WEST END AVENUE,W 78 ST,W 79 ST,,,ADDRESS,NEW YORK,,,Open,,,,07 MANHATTAN,1011860083.0,MANHATTAN,989419.0,224958.0,UNKNOWN,Unspecified,MANHATTAN,,,,,,,,40.78413243571465,-73.98133469428339,"(40.784132435714646, -73.98133469428339)",0,"(-73.98133469428339, 40.784132435714653)",POINT (989418.9999969269 224958.0144182907),6,81.0,0,0.0,49,0,1908.6176470588234,92.15794117647062,15,24.794117647058822,0.4,2
67,707,43188173,2019-07-03 19:52:00,,DEP,Department of Environmental Protection,Noise,Noise: air condition/ventilation equipment (NV1),,10009.0,510 EAST   11 STREET,EAST   11 STREET,AVENUE A,AVENUE B,,,ADDRESS,NEW YORK,,,Open,,,,03 MANHATTAN,1004040009.0,MANHATTAN,989438.0,204588.0,UNKNOWN,Unspecified,MANHATTAN,,,,,,,,40.728221967714056,-73.98128180296732,"(40.728221967714056, -73.98128180296732)",0,"(-73.981281802967317, 40.728221967714056)",POINT (989437.9999969212 204588.0144052565),19,81.0,6,0.0,1,0,1916.3369565217392,90.52717391304348,5,14.021739130434783,0.73,1
69,709,43188174,2019-07-03 08:09:00,,DEP,Department of Environmental Protection,Noise,Noise: air condition/ventilation equipment (NV1),,10001.0,450 WEST   27 STREET,WEST   27 STREET,DEAD END,10 AVE,,,ADDRESS,NEW YORK,,,Open,,,,04 MANHATTAN,1007240001.0,MANHATTAN,983816.0,212484.0,UNKNOWN,Unspecified,MANHATTAN,,,,,,,,40.749896039654075,-74.00156637249522,"(40.74989603965408, -74.00156637249522)",0,"(-74.001566372495219, 40.749896039654075)",POINT (983816.0000002595 212484.0144103256),8,81.0,6,0.0,154,0,1759.7,332.216,5,66.1,0.43,2
0,480,43164430,2019-06-30 09:15:00,,DEP,Department of Environmental Protection,Noise,Noise: Alarms (NR3),,11234.0,2049 EAST   36 STREET,EAST   36 STREET,AVENUE S,AVENUE T,,,ADDRESS,BROOKLYN,,,Open,,,,18 BROOKLYN,3085220020.0,BROOKLYN,1003564.0,161141.0,UNKNOWN,Unspecified,BROOKLYN,,,,,,,,40.608950136811146,-73.93043997797375,"(40.60895013681115, -73.93043997797375)",0,"(-73.930439977973748, 40.608950136811146)",POINT (1003563.999988583 161141.014376949),9,78.0,1,0.02,21,0,1931.0423940149626,99.00249376558604,6,1.256857855361596,0.26,2
30,430,43154056,2019-06-30 10:52:00,,DEP,Department of Environmental Protection,Noise,Noise: air condition/ventilation equipment (NV1),,10019.0,157 WEST   57 STREET,WEST   57 STREET,6 1/2 AVE,7 AVE,,,ADDRESS,NEW YORK,,,Open,,,,05 MANHATTAN,1010107506.0,MANHATTAN,989990.0,218062.0,UNKNOWN,Unspecified,MANHATTAN,,,,,,,,40.76520437267967,-73.97927869870011,"(40.76520437267967, -73.97927869870011)",1,"(-73.979278698700114, 40.765204372679669)",POINT (989989.9999965909 218062.0144139037),10,78.0,6,0.02,40,1,1932.2857142857142,115.48904761904764,13,31.238095238095237,0.77,1
31,431,43154057,2019-06-30 00:20:00,,DEP,Department of Environmental Protection,Noise,Noise: air condition/ventilation equipment (NV1),,10009.0,201 AVENUE A,AVENUE A,E 12 ST,E 13 ST,,,ADDRESS,NEW YORK,,,Open,,,,03 MANHATTAN,1004400035.0,MANHATTAN,989482.0,205009.0,UNKNOWN,Unspecified,MANHATTAN,,,,,,,,40.7293774839805,-73.98112272454243,"(40.7293774839805, -73.98112272454243)",0,"(-73.981122724542431, 40.7293774839805)",POINT (989481.9999968952 205009.0144055277),0,78.0,6,0.02,39,0,1858.6027397260275,101.3158904109589,5,18.753424657534246,0.66,1
52,452,43157510,2019-06-30 15:20:00,,DEP,Department of Environmental Protection,Noise,Noise: air condition/ventilation equipment (NV1),,10013.0,11 JAY STREET,JAY STREET,STAPLE ST,GREENWICH ST,,,ADDRESS,NEW YORK,,,Open,,,,01 MANHATTAN,1001807503.0,MANHATTAN,981551.0,200875.0,UNKNOWN,Unspecified,MANHATTAN,,,,,,,,40.71803179112403,-74.00973644744427,"(40.71803179112403, -74.00973644744427)",0,"(-74.009736447444268, 40.718031791124027)",POINT (981551.0000016014 200875.0144028637),15,78.0,6,0.02,15,0,1924.2295081967213,80.39877049180328,14,7.39344262295082,0.92,1
76,476,43164420,2019-06-30 14:53:00,,DEP,Department of Environmental Protection,Noise,Noise: air condition/ventilation equipment (NV1),,10003.0,114 EAST   11 STREET,EAST   11 STREET,4 AVE,3 AVE,,,ADDRESS,NEW YORK,,,Open,,,,03 MANHATTAN,1005560016.0,MANHATTAN,987073.0,205898.0,UNKNOWN,Unspecified,MANHATTAN,,,,,,,,40.7318186681794,-73.98981412450041,"(40.7318186681794, -73.9898141245004)",0,"(-73.989814124500413, 40.7318186681794)",POINT (987072.9999983205 205898.0144060962),14,78.0,6,0.02,15,0,1517.3793103448277,105.07137931034482,14,22.20689655172414,0.7,1
5,485,43166177,2019-07-01 19:10:00,,DEP,Department of Environmental Protection,Noise,Noise: air condition/ventilation equipment (NV1),,10028.0,1536 3 AVENUE,3 AVENUE,E 86 ST,E 87 ST,,,ADDRESS,NEW YORK,,,Open,,,,08 MANHATTAN,1015150036.0,MANHATTAN,997043.0,223122.0,UNKNOWN,Unspecified,MANHATTAN,,,,,,,,40.77908535607239,-73.95380786102226,"(40.779085356072386, -73.95380786102226)",1,"(-73.953807861022256, 40.779085356072393)",POINT (997042.9999923984 223122.014417123),19,76.0,6,0.0,78,1,1891.8148148148148,100.58462962962966,17,26.555555555555557,0.47,2
6,486,43166178,2019-07-01 16:15:00,,DEP,Department of Environmental Protection,Noise,Noise: air condition/ventilation equipment (NV1),,11354.0,139-20 34 AVENUE,34 AVENUE,LEAVITT ST,UNION ST,,,ADDRESS,Flushing,,,Open,,,,07 QUEENS,4049570033.0,QUEENS,1031755.0,218809.0,UNKNOWN,Unspecified,QUEENS,,,,,,,,40.767128920427496,-73.8285027032657,"(40.767128920427496, -73.8285027032657)",0,"(-73.828502703265698, 40.767128920427496)",POINT (1031754.999971782 218809.0144143172),16,76.0,6,0.0,11,0,1975.9032258064517,86.41118279569893,1,7.290322580645161,0.69,1
7,487,43166179,2019-07-01 15:12:00,,DEP,Department of Environmental Protection,Noise,Noise: air condition/ventilation equipment (NV1),,10301.0,200 LAFAYETTE AVENUE,LAFAYETTE AVENUE,CORTELYOU PL,PROSPECT AVE,,,ADDRESS,STATEN ISLAND,,,Open,,,,01 STATEN ISLAND,5000910070.0,STATEN ISLAND,958084.0,172467.0,UNKNOWN,Unspecified,STATEN ISLAND,,,,,,,,40.64002003228165,-74.09428161807439,"(40.64002003228166, -74.09428161807439)",0,"(-74.09428161807439, 40.640020032281647)",POINT (958084.000015483 172467.0143843775),15,76.0,6,0.0,58,0,1925.125,122.22645270270267,8,2.1655405405405403,0.72,1
17,497,43167006,2019-07-01 09:05:00,,DEP,Department of Environmental Protection,Noise,Noise: air condition/ventilation equipment (NV1),,10018.0,452 5 AVENUE,5 AVENUE,5 AVE,AVENUE OF THE AMERICAS,,,ADDRESS,NEW YORK,,,Open,,,,05 MANHATTAN,1008410049.0,MANHATTAN,989122.0,213373.0,UNKNOWN,Unspecified,MANHATTAN,,,,,,,,40.75233478839904,-73.98241556168391,"(40.75233478839904, -73.98241556168391)",1,"(-73.982415561683908, 40.75233478839904)",POINT (989121.9999971099 213373.0144108988),9,76.0,6,0.0,40,1,1755.0625,101.84988636363637,3,8.460227272727273,0.78,1
24,504,43167022,2019-07-01 23:35:00,,DEP,Department of Environmental Protection,Noise,Noise: Construction Before/After Hours (NM1),,10027.0,,,,,WEST 125 STREET,BROADWAY,INTERSECTION,NEW YORK,,,Open,,,,09 MANHATTAN,,MANHATTAN,995794.0,236458.0,UNKNOWN,Unspecified,MANHATTAN,,,,,,,,40.81569076449531,-73.95829474326734,"(40.81569076449531, -73.95829474326734)",0,"(-73.958294743267345, 40.815690764495308)",POINT (995793.9999931325 236458.0144255882),23,76.0,0,0.0,39,0,1726.2898550724638,103.39,0,6.449275362318841,0.23,2
36,516,43167882,2019-07-01 23:07:00,,DEP,Department of Environmental Protection,Noise,Noise: Construction Before/After Hours (NM1),,10027.0,3180 BROADWAY,BROADWAY,TIEMANN PL,W 125 ST,,,ADDRESS,NEW YORK,,,Open,,,,09 MANHATTAN,1019800075.0,MANHATTAN,995712.0,236300.0,UNKNOWN,Unspecified,MANHATTAN,,,,,,,,40.81525720554135,-73.95859125621605,"(40.81525720554135, -73.95859125621604)",0,"(-73.958591256216053, 40.81525720554135)",POINT (995711.9999931789 236300.0144254903),23,76.0,0,0.0,154,0,1955.6666666666667,562.89,0,752.0,0.27,2
60,540,43170438,2019-07-01 14:16:00,,DEP,Department of Environmental Protection,Noise,Noise: air condition/ventilation equipment (NV1),,10028.0,1536 3 AVENUE,3 AVENUE,E 86 ST,E 87 ST,,,ADDRESS,NEW YORK,,,Open,,,,08 MANHATTAN,1015150036.0,MANHATTAN,997043.0,223122.0,UNKNOWN,Unspecified,MANHATTAN,,,,,,,,40.77908535607239,-73.95380786102226,"(40.779085356072386, -73.95380786102226)",0,"(-73.953807861022256, 40.779085356072393)",POINT (997042.9999923984 223122.014417123),14,76.0,6,0.0,78,0,1891.8148148148148,100.58462962962966,17,26.555555555555557,0.58,1
73,553,43171297,2019-07-01 14:56:00,,DEP,Department of Environmental Protection,Noise,Noise: air condition/ventilation equipment (NV1),,10009.0,76 AVENUE B,AVENUE B,E 5 ST,E 6 ST,,,ADDRESS,NEW YORK,,,Open,,,,03 MANHATTAN,1004010041.0,MANHATTAN,989232.0,203042.0,UNKNOWN,Unspecified,MANHATTAN,,,,,,,,40.72397869213127,-73.98202619121835,"(40.72397869213127, -73.98202619121835)",0,"(-73.982026191218353, 40.723978692131269)",POINT (989231.9999970488 203042.0144042653),14,76.0,6,0.0,39,0,1809.5,97.6006756756757,0,15.58108108108108,0.92,1
74,554,43171298,2019-07-01 12:48:00,,DEP,Department of Environmental Protection,Noise,Noise: air condition/ventilation equipment (NV1),,10011.0,260 WEST   23 STREET,WEST   23 STREET,7 AVE,8 AVE,,,ADDRESS,NEW YORK,,,Open,,,,04 MANHATTAN,1007720075.0,MANHATTAN,985000.0,210621.0,UNKNOWN,Unspecified,MANHATTAN,,,,,,,,40.744782551628475,-73.99729334284906,"(40.74478255162848, -73.99729334284906)",0,"(-73.997293342849062, 40.744782551628475)",POINT (984999.9999995569 210621.0144091361),12,76.0,6,0.0,118,0,1908.4772727272727,84.1190909090909,5,15.636363636363637,0.89,1
5,565,43172114,2019-07-01 05:30:00,,DEP,Department of Environmental Protection,Noise,Noise: air condition/ventilation equipment (NV1),,10025.0,875 WEST END AVENUE,WEST END AVENUE,W 102 ST,W 103 ST,,,ADDRESS,NEW YORK,,,Open,,,,07 MANHATTAN,1018900024.0,MANHATTAN,992542.0,230594.0,UNKNOWN,Unspecified,MANHATTAN,,,,,,,,40.79959935739363,-73.97005055555483,"(40.79959935739363, -73.97005055555483)",0,"(-73.970050555554835, 40.799599357393632)",POINT (992541.9999950699 230594.0144218855),5,76.0,6,0.0,154,0,1919.3714285714286,106.2334285714286,5,35.17142857142857,0.32,2
14,574,43172129,2019-07-01 10:31:00,,DEP,Department of Environmental Protection,Noise,Noise: Construction Equipment (NC1),,10308.0,241 WIMAN AVENUE,WIMAN AVENUE,SWEETWATER AVE,TENNYSON DR,,,ADDRESS,STATEN ISLAND,,,Open,,,,03 STATEN ISLAND,5053030029.0,STATEN ISLAND,944123.0,135599.0,UNKNOWN,Unspecified,STATEN ISLAND,,,,,,,,40.538772642686894,-74.14436703530231,"(40.53877264268689, -74.14436703530232)",0,"(-74.144367035302309, 40.538772642686894)",POINT (944123.0000236704 135599.0143599705),10,76.0,3,0.0,122,0,1963.6884735202493,136.43306853582553,7,11.19626168224299,0.37,2
20,580,43172937,2019-07-02 04:19:00,,DEP,Department of Environmental Protection,Noise,Noise: air condition/ventilation equipment (NV1),,11364.0,75-40 BELL BOULEVARD,BELL BOULEVARD,75 AVE,77 AVE,,,ADDRESS,Oakland Gardens,,,Open,,,,11 QUEENS,4077480500.0,QUEENS,1051682.0,208016.0,UNKNOWN,Unspecified,QUEENS,,,,,,,,40.73737544386858,-73.75667300021216,"(40.73737544386858, -73.75667300021216)",0,"(-73.75667300021216, 40.737375443868579)",POINT (1051681.99995998 208016.0144073412),4,81.0,6,0.01,25,0,1964.12,658.56,2,426.6,0.41,2
31,591,43174182,2019-07-02 14:17:00,,DEP,Department of Environmental Protection,Noise,Noise: air condition/ventilation equipment (NV1),,10028.0,145 EAST   82 STREET,EAST   82 STREET,LEXINGTON AVE,3 AVE,,,ADDRESS,NEW YORK,,,Open,,,,08 MANHATTAN,1015110020.0,MANHATTAN,996128.0,222278.0,UNKNOWN,Unspecified,MANHATTAN,,,,,,,,40.776770075844816,-73.95711317544642,"(40.776770075844816, -73.95711317544642)",0,"(-73.957113175446423, 40.776770075844816)",POINT (996127.999992942 222278.0144165801),14,81.0,6,0.01,83,0,1921.34375,103.304375,5,28.9375,0.8,1
32,592,43174183,2019-07-02 11:21:00,,DEP,Department of Environmental Protection,Noise,Noise: air condition/ventilation equipment (NV1),,10001.0,450 WEST   27 ST DRIVE,WEST   27 ST DRIVE,W 26 ST,10 AVE,,,ADDRESS,NEW YORK,,,Open,,,,04 MANHATTAN,1007240001.0,MANHATTAN,983816.0,212484.0,UNKNOWN,Unspecified,MANHATTAN,,,,,,,,40.749896039654075,-74.00156637249522,"(40.74989603965408, -74.00156637249522)",0,"(-74.001566372495219, 40.749896039654075)",POINT (983816.0000002595 212484.0144103256),11,81.0,6,0.01,154,0,1759.7,332.216,5,66.1,0.47,2
33,593,43174184,2019-07-02 22:59:00,,DEP,Department of Environmental Protection,Noise,Noise: air condition/ventilation equipment (NV1),,10075.0,,,,,1 AVENUE,EAST 77 STREET,INTERSECTION,NEW YORK,,,Open,,,,08 MANHATTAN,,MANHATTAN,997089.0,220185.0,UNKNOWN,Unspecified,MANHATTAN,,,,,,,,40.771023996322214,-73.95364737877979,"(40.77102399632221, -73.95364737877979)",0,"(-73.953647378779792, 40.771023996322214)",POINT (997088.9999923774 220185.014415259),22,81.0,6,0.01,24,0,1919.780487804878,98.3885365853659,5,55.609756097560975,0.52,1
41,601,43174207,2019-07-02 16:35:00,,DEP,Department of Environmental Protection,Noise,Noise: Construction Before/After Hours (NM1),,11220.0,,,,,1 AVENUE,58 STREET,INTERSECTION,BROOKLYN,,,Open,,,,07 BROOKLYN,,BROOKLYN,977636.0,174603.0,UNKNOWN,Unspecified,BROOKLYN,,,,,,,,40.645919073713,-74.02383374000625,"(40.64591907371299, -74.02383374000625)",0,"(-74.023833740006253, 40.645919073713003)",POINT (977636.0000039155 174603.0143858075),16,81.0,0,0.01,60,0,1909.1439393939395,124.36318181818186,1,3.1515151515151514,0.21,2
47,607,43175351,2019-07-02 14:35:00,,DEP,Department of Environmental Protection,Noise,Noise: air condition/ventilation equipment (NV1),,10014.0,470 HUDSON STREET,HUDSON STREET,BARROW ST,GROVE ST,,,ADDRESS,NEW YORK,,,Open,,,,02 MANHATTAN,1005850001.0,MANHATTAN,982429.0,205938.0,UNKNOWN,Unspecified,MANHATTAN,,,,,,,,40.731928721411684,-74.00657049588895,"(40.73192872141168, -74.00657049588895)",0,"(-74.006570495888951, 40.731928721411684)",POINT (982429.0000010793 205938.0144061231),14,81.0,6,0.01,81,0,1906.8411214953271,77.63018691588785,1,11.953271028037383,0.72,1
48,608,43175352,2019-07-02 12:29:00,,DEP,Department of Environmental Protection,Noise,Noise: air condition/ventilation equipment (NV1),,10012.0,53 SPRING STREET,SPRING STREET,MULBERRY ST,CLEVELAND PL,,,ADDRESS,NEW YORK,,,Open,,,,02 MANHATTAN,1004950043.0,MANHATTAN,985195.0,202355.0,UNKNOWN,Unspecified,MANHATTAN,,,,,,,,40.722094395816704,-73.99659077299238,"(40.722094395816704, -73.99659077299238)",0,"(-73.996590772992377, 40.722094395816704)",POINT (985194.9999994339 202355.0144038179),12,81.0,6,0.01,23,0,1893.4259259259259,98.27370370370372,14,10.935185185185185,0.79,1
49,609,43175353,2019-07-02 11:40:00,,DEP,Department of Environmental Protection,Noise,Noise: air condition/ventilation equipment (NV1),,10021.0,49 EAST   73 STREET,EAST   73 STREET,MADISON AVE,PARK AVE,,,ADDRESS,NEW YORK,,,Open,,,,08 MANHATTAN,1013880026.0,MANHATTAN,994090.0,220641.0,UNKNOWN,Unspecified,MANHATTAN,,,,,,,,40.772279444201104,-73.9644739946547,"(40.7722794442011, -73.96447399465471)",0,"(-73.964473994654696, 40.772279444201104)",POINT (994089.9999941617 220641.0144155584),11,81.0,6,0.01,1,0,1919.0625,99.8834375,5,13.90625,0.77,1
57,617,43176570,2019-07-02 17:45:00,,DEP,Department of Environmental Protection,Noise,Noise: air condition/ventilation equipment (NV1),,10025.0,666 WEST END AVENUE,WEST END AVENUE,W 92 ST,W 93 ST,,,ADDRESS,NEW YORK,,,Open,,,,07 MANHATTAN,1012400001.0,MANHATTAN,991223.0,228201.0,UNKNOWN,Unspecified,MANHATTAN,,,,,,,,40.79303236159245,-73.97481706769223,"(40.793032361592445, -73.97481706769223)",0,"(-73.974817067692229, 40.793032361592452)",POINT (991222.9999958506 228201.0144203532),17,81.0,6,0.01,49,0,1920.75,115.4535,5,43.9,0.71,1
58,618,43176571,2019-07-02 11:31:00,,DEP,Department of Environmental Protection,Noise,Noise: air condition/ventilation equipment (NV1),,10001.0,450 WEST   27 STREET,WEST   27 STREET,DEAD END,10 AVE,,,ADDRESS,NEW YORK,,,Open,,,,04 MANHATTAN,1007240001.0,MANHATTAN,983816.0,212484.0,UNKNOWN,Unspecified,MANHATTAN,,,,,,,,40.749896039654075,-74.00156637249522,"(40.74989603965408, -74.00156637249522)",0,"(-74.001566372495219, 40.749896039654075)",POINT (983816.0000002595 212484.0144103256),11,81.0,6,0.01,154,0,1759.7,332.216,5,66.1,0.47,2
70,630,43177773,2019-07-02 06:41:00,,DEP,Department of Environmental Protection,Noise,Noise: air condition/ventilation equipment (NV1),,10028.0,1536 3 AVENUE,3 AVENUE,E 86 ST,E 87 ST,,,ADDRESS,NEW YORK,,,Open,,,,08 MANHATTAN,1015150036.0,MANHATTAN,997043.0,223122.0,UNKNOWN,Unspecified,MANHATTAN,,,,,,,,40.77908535607239,-73.95380786102226,"(40.779085356072386, -73.95380786102226)",1,"(-73.953807861022256, 40.779085356072393)",POINT (997042.9999923984 223122.014417123),6,81.0,6,0.01,78,1,1891.8148148148148,100.58462962962966,17,26.555555555555557,0.47,2
1,641,43178977,2019-07-02 20:16:00,,DEP,Department of Environmental Protection,Noise,Noise: air condition/ventilation equipment (NV1),,11225.0,333 ROGERS AVENUE,ROGERS AVENUE,MONTGOMERY ST,SULLIVAN PL,,,ADDRESS,BROOKLYN,,,Open,,,,09 BROOKLYN,3013050005.0,BROOKLYN,997090.0,181598.0,UNKNOWN,Unspecified,BROOKLYN,,,,,,,,40.66511197714957,-73.95371737422322,"(40.66511197714957, -73.95371737422322)",0,"(-73.953717374223217, 40.665111977149571)",POINT (997089.9999923947 181598.0143903615),20,81.0,6,0.01,11,0,1897.7349397590363,106.47313253012048,0,7.710843373493976,0.74,1
2,642,43178979,2019-07-02 09:54:00,,DEP,Department of Environmental Protection,Noise,Noise: air condition/ventilation equipment (NV1),,10027.0,537 WEST  121 STREET,WEST  121 STREET,AMSTERDAM AVE,BROADWAY,,,ADDRESS,NEW YORK,,,Open,,,,09 MANHATTAN,1019760001.0,MANHATTAN,995025.0,234752.0,UNKNOWN,Unspecified,MANHATTAN,,,,,,,,40.81100924226987,-73.9610756644036,"(40.81100924226987, -73.9610756644036)",0,"(-73.961075664403594, 40.811009242269868)",POINT (995024.9999935902 234752.0144245081),9,81.0,6,0.01,154,0,1853.6774193548388,244.56870967741938,5,41.45161290322581,0.46,2
8,648,43180186,2019-07-02 20:16:00,,DEP,Department of Environmental Protection,Noise,Noise: air condition/ventilation equipment (NV1),,10019.0,622 WEST   56 STREET,WEST   56 STREET,11 AVE,12 AVE,,,ADDRESS,NEW YORK,,,Open,,,,04 MANHATTAN,1011030044.0,MANHATTAN,986296.0,219783.0,UNKNOWN,Unspecified,MANHATTAN,,,,,,,,40.76992969795277,-73.99261345117449,"(40.76992969795277, -73.99261345117449)",0,"(-73.992613451174492, 40.769929697952769)",POINT (986295.9999987858 219783.0144149987),20,81.0,6,0.01,6,0,1859.5454545454545,217.04833333333335,3,120.53030303030303,0.56,1
9,649,43180187,2019-07-02 14:35:00,,DEP,Department of Environmental Protection,Noise,Noise: air condition/ventilation equipment (NV1),,10012.0,379 WEST BROADWAY,WEST BROADWAY,BROOME ST,SPRING ST,,,ADDRESS,NEW YORK,,,Open,,,,02 MANHATTAN,1004870010.0,MANHATTAN,983546.0,202982.0,UNKNOWN,Unspecified,MANHATTAN,,,,,,,,40.72381538155992,-74.0025398495158,"(40.723815381559916, -74.0025398495158)",0,"(-74.002539849515799, 40.723815381559923)",POINT (983546.0000004155 202982.0144042296),14,81.0,6,0.01,43,0,1911.4875,89.015375,3,11.0125,0.93,1
10,650,43180188,2019-07-02 11:00:00,,DEP,Department of Environmental Protection,Noise,Noise: air condition/ventilation equipment (NV1),,10032.0,216 FT WASHINGTON AVENUE,FT WASHINGTON AVENUE,W 168 ST,W 169 ST,,,ADDRESS,NEW YORK,,,Open,,,,12 MANHATTAN,1021380079.0,MANHATTAN,1000271.0,246254.0,UNKNOWN,Unspecified,MANHATTAN,,,,,,,,40.8425709909441,-73.94209719991717,"(40.8425709909441, -73.94209719991717)",0,"(-73.942097199917171, 40.842570990944097)",POINT (1000270.999990466 246254.0144317735),11,81.0,6,0.01,154,0,1929.5945945945946,219.31432432432433,0,15.783783783783784,0.58,1
11,651,43180189,2019-07-02 03:03:00,,DEP,Department of Environmental Protection,Noise,Noise: air condition/ventilation equipment (NV1),,10023.0,1900 BROADWAY,BROADWAY,W 63 ST,W 64 ST,,,ADDRESS,NEW YORK,,,Open,,,,07 MANHATTAN,1011167501.0,MANHATTAN,989194.0,220362.0,UNKNOWN,Unspecified,MANHATTAN,,,,,,,,40.7715177562409,-73.98215055305542,"(40.771517756240904, -73.98215055305542)",0,"(-73.982150553055419, 40.771517756240897)",POINT (989193.9999970642 220362.0144153725),3,81.0,6,0.01,14,0,1940.5,162.72666666666666,4,122.66666666666667,0.42,2
19,659,43181362,2019-07-02 12:35:00,,DEP,Department of Environmental Protection,Noise,Noise: air condition/ventilation equipment (NV1),,10014.0,123 BANK STREET,BANK STREET,GREENWICH ST,WASHINGTON ST,,,ADDRESS,NEW YORK,,,Open,,,,02 MANHATTAN,1006350042.0,MANHATTAN,982132.0,207529.0,UNKNOWN,Unspecified,MANHATTAN,,,,,,,,40.73629555860764,-74.00764262621507,"(40.73629555860764, -74.00764262621506)",0,"(-74.007642626215073, 40.736295558607637)",POINT (982132.0000012541 207529.0144071445),12,81.0,6,0.01,11,0,1908.3308823529412,86.41595588235296,1,8.867647058823529,0.95,1
1,321,43147958,2019-06-29 15:45:00,,DEP,Department of Environmental Protection,Noise,Noise: air condition/ventilation equipment (NV1),,10128.0,205 EAST   88 STREET,EAST   88 STREET,3 AVE,2 AVE,,,ADDRESS,NEW YORK,,,Open,,,,08 MANHATTAN,1015340006.0,MANHATTAN,997378.0,223438.0,UNKNOWN,Unspecified,MANHATTAN,,,,,,,,40.77995220120799,-73.95259764743365,"(40.77995220120799, -73.95259764743365)",1,"(-73.952597647433649, 40.77995220120799)",POINT (997377.9999921939 223438.0144173329),15,83.0,6,0.04,24,1,1918.1041666666667,95.9241666666667,5,64.89583333333333,0.71,1
5,325,43147986,2019-06-29 18:00:00,,DEP,Department of Environmental Protection,Noise,Noise: Construction Before/After Hours (NM1),,11201.0,85 LIVINGSTON STREET,LIVINGSTON STREET,COURT ST,BOERUM PL,,,ADDRESS,BROOKLYN,,,Open,,,,02 BROOKLYN,3002660012.0,BROOKLYN,986794.0,191183.0,UNKNOWN,Unspecified,BROOKLYN,,,,,,,,40.691429578417775,-73.99082636537561,"(40.691429578417775, -73.99082636537561)",1,"(-73.990826365375611, 40.691429578417775)",POINT (986793.9999984916 191183.014396598),18,83.0,0,0.04,38,1,1886.1875,100.96339285714285,13,18.633928571428573,0.27,2
8,328,43147991,2019-06-29 13:21:00,,DEP,Department of Environmental Protection,Noise,Noise: Construction Before/After Hours (NM1),,10031.0,3329 BROADWAY,BROADWAY,W 134 ST,W 135 ST,,,ADDRESS,NEW YORK,,,Open,,,,09 MANHATTAN,1020010005.0,MANHATTAN,996579.0,237879.0,UNKNOWN,Unspecified,MANHATTAN,,,,,,,,40.819589949187716,-73.95545614686763,"(40.819589949187716, -73.95545614686763)",0,"(-73.955456146867633, 40.819589949187716)",POINT (996578.9999926655 237879.0144264953),13,83.0,0,0.04,154,0,1939.3333333333333,185.3725925925926,5,66.22222222222223,0.37,2
9,329,43147992,2019-06-29 12:44:00,,DEP,Department of Environmental Protection,Noise,Noise: Construction Before/After Hours (NM1),,10025.0,722 AMSTERDAM AVENUE,AMSTERDAM AVENUE,W 95 ST,W 96 ST,,,ADDRESS,NEW YORK,,,Open,,,,07 MANHATTAN,1012430030.0,MANHATTAN,992349.0,228388.0,UNKNOWN,Unspecified,MANHATTAN,,,,,,,,40.793544665816114,-73.9707503027023,"(40.79354466581612, -73.97075030270229)",0,"(-73.970750302702299, 40.793544665816114)",POINT (992348.9999951824 228388.0144204735),12,83.0,0,0.04,44,0,1781.892857142857,102.305,21,22.75,0.26,2
10,330,43147995,2019-06-29 09:20:00,,DEP,Department of Environmental Protection,Noise,Noise: Construction Before/After Hours (NM1),,10023.0,200 AMSTERDAM AVENUE,AMSTERDAM AVENUE,W 69 ST,W 70 ST,,,ADDRESS,NEW YORK,,,Open,,,,07 MANHATTAN,1011580133.0,MANHATTAN,988962.0,222279.0,UNKNOWN,Unspecified,MANHATTAN,,,,,,,,40.77677954545491,-73.98298680424051,"(40.77677954545491, -73.98298680424051)",0,"(-73.982986804240511, 40.776779545454907)",POINT (988961.9999971986 222279.0144165919),9,83.0,0,0.04,154,0,1722.6875,229.90625,5,204.625,0.49,2
12,332,43147998,2019-06-29 05:26:00,,DEP,Department of Environmental Protection,Noise,Noise: Construction Before/After Hours (NM1),,10011.0,146 WEST   24 STREET,WEST   24 STREET,AVENUE OF THE AMERICAS,7 AVE,,,ADDRESS,NEW YORK,,,Open,,,,04 MANHATTAN,1007990063.0,MANHATTAN,986001.0,210384.0,UNKNOWN,Unspecified,MANHATTAN,,,,,,,,40.744131904368295,-73.99368091948037,"(40.744131904368295, -73.99368091948038)",0,"(-73.993680919480369, 40.744131904368295)",POINT (986000.9999989636 210384.0144089961),5,83.0,0,0.04,68,0,1874.5688073394494,101.68137614678899,14,26.75229357798165,0.22,2
14,334,43148002,2019-06-29 09:23:00,,DEP,Department of Environmental Protection,Noise,Noise: Construction Equipment (NC1),,10036.0,414 WEST   44 STREET,WEST   44 STREET,9 AVE,10 AVE,,,ADDRESS,NEW YORK,,,Open,,,,04 MANHATTAN,1010530044.0,MANHATTAN,986356.0,216173.0,UNKNOWN,Unspecified,MANHATTAN,,,,,,,,40.760021166416,-73.99239796789223,"(40.760021166416, -73.99239796789224)",0,"(-73.992397967892231, 40.760021166416003)",POINT (986355.9999987542 216173.0144126948),9,83.0,3,0.04,154,0,1912.4827586206898,100.31275862068969,5,10.551724137931034,0.63,1
16,336,43148553,2019-06-29 17:54:00,,DEP,Department of Environmental Protection,Noise,Noise: air condition/ventilation equipment (NV1),,10031.0,335 CONVENT AVENUE,CONVENT AVENUE,W 143 ST,W 144 ST,,,ADDRESS,NEW YORK,,,Open,,,,09 MANHATTAN,1020500031.0,MANHATTAN,998964.0,239413.0,UNKNOWN,Unspecified,MANHATTAN,,,,,,,,40.823796694015506,-73.94683593951913,"(40.82379669401551, -73.94683593951912)",0,"(-73.946835939519133, 40.823796694015506)",POINT (998963.9999912395 239413.014427456),17,83.0,6,0.04,4,0,1911.0593220338983,97.55381355932205,1,5.47457627118644,0.97,1
20,340,43148578,2019-06-29 16:31:00,,DEP,Department of Environmental Protection,Noise,Noise: Construction Before/After Hours (NM1),,10464.0,151 PARK DRIVE,PARK DRIVE,OAK LN,EDGEMERE ST,,,ADDRESS,BRONX,,,Open,,,,12 BRONX,2056520075.0,BRONX,1037570.0,262327.0,UNKNOWN,Unspecified,BRONX,,,,,,,,40.88653995563392,-73.80716425096016,"(40.886539955633914, -73.80716425096016)",0,"(-73.807164250960156, 40.886539955633921)",POINT (1037569.999968207 262327.0144417776),16,83.0,0,0.04,58,0,1921.5805369127518,132.46976510067103,7,1.389261744966443,0.24,2
21,341,43148579,2019-06-29 16:04:00,,DEP,Department of Environmental Protection,Noise,Noise: Construction Before/After Hours (NM1),,10019.0,435 WEST   57 STREET,WEST   57 STREET,9 AVE,10 AVE,,,ADDRESS,NEW YORK,,,Open,,,,04 MANHATTAN,1010670012.0,MANHATTAN,987899.0,219224.0,UNKNOWN,Unspecified,MANHATTAN,,,,,,,,40.76839487197145,-73.98682654175653,"(40.76839487197145, -73.98682654175653)",1,"(-73.986826541756528, 40.768394871971452)",POINT (987898.9999978347 219224.0144146383),16,83.0,0,0.04,154,1,1923.225806451613,101.991935483871,5,38.935483870967744,0.27,2
22,342,43148580,2019-06-29 11:40:00,,DEP,Department of Environmental Protection,Noise,Noise: Construction Before/After Hours (NM1),,10025.0,626 WEST  114 STREET,WEST  114 STREET,BROADWAY,RIVERSIDE DR,,,ADDRESS,NEW YORK,,,Open,,,,09 MANHATTAN,1018950072.0,MANHATTAN,993670.0,233352.0,UNKNOWN,Unspecified,MANHATTAN,,,,,,,,40.80716817911906,-73.96597252170974,"(40.80716817911906, -73.96597252170974)",0,"(-73.965972521709745, 40.80716817911906)",POINT (993669.999994394 233352.0144236216),11,83.0,0,0.04,154,0,1912.5588235294117,104.6294117647059,5,35.6764705882353,0.25,2
23,343,43148582,2019-06-29 09:33:00,,DEP,Department of Environmental Protection,Noise,Noise: Construction Before/After Hours (NM1),,10023.0,350 WEST   71 STREET,WEST   71 STREET,WEST END AVE,RIVERSIDE BLVD,,,ADDRESS,NEW YORK,,,Open,,,,07 MANHATTAN,1011820053.0,MANHATTAN,988153.0,223272.0,UNKNOWN,Unspecified,MANHATTAN,,,,,,,,40.779505462775454,-73.98590721110719,"(40.779505462775454, -73.98590721110718)",1,"(-73.98590721110719, 40.779505462775454)",POINT (988152.9999976745 223272.0144172193),9,83.0,0,0.04,1,1,1911.0357142857142,106.43892857142859,5,31.321428571428573,0.45,2
25,345,43148584,2019-06-29 08:07:00,,DEP,Department of Environmental Protection,Noise,Noise: Construction Before/After Hours (NM1),,10065.0,220 EAST   64 STREET,EAST   64 STREET,3 AVE,2 AVE,,,ADDRESS,NEW YORK,,,Open,,,,08 MANHATTAN,1014180032.0,MANHATTAN,994320.0,217769.0,UNKNOWN,Unspecified,MANHATTAN,,,,,,,,40.76439629167493,-73.96364791351051,"(40.76439629167492, -73.96364791351051)",1,"(-73.963647913510513, 40.764396291674927)",POINT (994319.999994018 217769.0144137103),8,83.0,0,0.04,1,1,1951.2222222222222,124.7188888888889,5,118.0,0.49,2
26,346,43148585,2019-06-29 07:39:00,,DEP,Department of Environmental Protection,Noise,Noise: Construction Before/After Hours (NM1),,10024.0,251 WEST   91 STREET,WEST   91 STREET,BROADWAY,WEST END AVE,,,ADDRESS,NEW YORK,,,Open,,,,07 MANHATTAN,1012390010.0,MANHATTAN,991281.0,227712.0,UNKNOWN,Unspecified,MANHATTAN,,,,,,,,40.79169014260096,-73.97460811309723,"(40.79169014260096, -73.97460811309723)",0,"(-73.974608113097233, 40.791690142600963)",POINT (991280.999995822 227712.0144200539),7,83.0,0,0.04,50,0,1914.3953488372092,93.89558139534887,5,11.604651162790697,0.32,2
32,352,43149170,2019-06-29 11:49:00,,DEP,Department of Environmental Protection,Noise,Noise: air condition/ventilation equipment (NV1),,10012.0,19 CLEVELAND PLACE,CLEVELAND PLACE,KENMARE ST,SPRING ST,,,ADDRESS,NEW YORK,,,Open,,,,02 MANHATTAN,1004810009.0,MANHATTAN,984989.0,202181.0,UNKNOWN,Unspecified,MANHATTAN,,,,,,,,40.72161682745682,-73.99733396750808,"(40.72161682745682, -73.99733396750808)",1,"(-73.997333967508084, 40.72161682745682)",POINT (984988.9999995636 202181.0144037166),11,83.0,6,0.04,17,1,1915.4285714285713,95.80928571428572,14,18.976190476190474,0.81,1
35,355,43149197,2019-06-29 18:22:00,,DEP,Department of Environmental Protection,Noise,Noise: Construction Before/After Hours (NM1),,11201.0,85 LIVINGSTON STREET,LIVINGSTON STREET,COURT ST,BOERUM PL,,,ADDRESS,BROOKLYN,,,Open,,,,02 BROOKLYN,3002660012.0,BROOKLYN,986794.0,191183.0,UNKNOWN,Unspecified,BROOKLYN,,,,,,,,40.691429578417775,-73.99082636537561,"(40.691429578417775, -73.99082636537561)",1,"(-73.990826365375611, 40.691429578417775)",POINT (986793.9999984916 191183.014396598),18,83.0,0,0.04,38,1,1886.1875,100.96339285714285,13,18.633928571428573,0.27,2
36,356,43149200,2019-06-29 14:06:00,,DEP,Department of Environmental Protection,Noise,Noise: Construction Before/After Hours (NM1),,10019.0,106 WEST   56 STREET,WEST   56 STREET,AVENUE OF THE AMERICAS,6 1/2 AVE,,,ADDRESS,NEW YORK,,,Open,,,,05 MANHATTAN,1010080037.0,MANHATTAN,990304.0,217562.0,UNKNOWN,Unspecified,MANHATTAN,,,,,,,,40.76383179233681,-73.97814561446741,"(40.763831792336816, -73.9781456144674)",1,"(-73.978145614467408, 40.763831792336809)",POINT (990303.999996403 217562.0144135765),14,83.0,0,0.04,71,1,1947.7391304347825,175.71869565217395,14,43.26086956521739,0.4,2
37,357,43149201,2019-06-29 12:22:00,,DEP,Department of Environmental Protection,Noise,Noise: Construction Before/After Hours (NM1),,10027.0,415 WEST  120 STREET,WEST  120 STREET,MORNINGSIDE DR,AMSTERDAM AVE,,,ADDRESS,NEW YORK,,,Open,,,,09 MANHATTAN,1019630009.0,MANHATTAN,995810.0,233999.0,UNKNOWN,Unspecified,MANHATTAN,,,,,,,,40.808941474129725,-73.9582411747077,"(40.808941474129725, -73.95824117470771)",1,"(-73.958241174707695, 40.808941474129725)",POINT (995809.9999931272 233999.0144240375),12,83.0,0,0.04,154,1,1767.0833333333333,116.00083333333333,5,43.0,0.43,2
38,358,43149202,2019-06-29 10:35:00,,DEP,Department of Environmental Protection,Noise,Noise: Construction Before/After Hours (NM1),,10460.0,1722 VAN BUREN STREET,VAN BUREN STREET,VAN NEST AVE,MORRIS PARK AVE,,,ADDRESS,BRONX,,,Open,,,,11 BRONX,2040190043.0,BRONX,1020075.0,245918.0,UNKNOWN,Unspecified,BRONX,,,,,,,,40.84159063296517,-73.87052382199722,"(40.84159063296517, -73.87052382199722)",0,"(-73.870523821997224, 40.841590632965172)",POINT (1020074.999978671 245918.0144315362),10,83.0,0,0.04,25,0,1923.4113924050632,100.87354430379749,2,3.0949367088607596,0.18,2
39,359,43149203,2019-06-29 09:49:00,,DEP,Department of Environmental Protection,Noise,Noise: Construction Before/After Hours (NM1),,10031.0,452 WEST  141 STREET,WEST  141 STREET,CONVENT AVE,AMSTERDAM AVE,,,ADDRESS,NEW YORK,,,Open,,,,09 MANHATTAN,1020570146.0,MANHATTAN,998549.0,238833.0,UNKNOWN,Unspecified,MANHATTAN,,,,,,,,40.82220544016413,-73.9483366372192,"(40.822205440164126, -73.9483366372192)",1,"(-73.948336637219199, 40.822205440164133)",POINT (998548.999991491 238833.0144270936),9,83.0,0,0.04,4,1,1913.7919463087248,96.61154362416113,1,6.241610738255034,0.4,2
41,361,43149213,2019-06-29 12:25:00,,DEP,Department of Environmental Protection,Noise,Noise: Jack Hammering (NC2),,10030.0,486 ST NICHLAS AVENUE,ST NICHLAS AVENUE,W 134 ST,W 135 ST,,,ADDRESS,NEW YORK,,,Open,,,,10 MANHATTAN,1019590029.0,MANHATTAN,998562.0,236749.0,UNKNOWN,Unspecified,MANHATTAN,,,,,,,,40.81648542703882,-73.94829411176623,"(40.81648542703882, -73.94829411176624)",0,"(-73.948294111766231, 40.81648542703882)",POINT (998561.99999149 236749.0144257766),12,83.0,5,0.04,154,0,1921.7422680412371,103.21072164948455,0,8.278350515463918,0.22,2
49,369,43149852,2019-06-29 10:11:00,,DEP,Department of Environmental Protection,Noise,Noise: Construction Before/After Hours (NM1),,10457.0,3930 3 AVENUE,3 AVENUE,E 172 ST,E 173 ST,,,ADDRESS,BRONX,,,Open,,,,03 BRONX,2029297501.0,BRONX,1012007.0,245417.0,UNKNOWN,Unspecified,BRONX,,,,,,,,40.84024458049056,-73.8996846606188,"(40.84024458049056, -73.89968466061879)",0,"(-73.899684660618803, 40.840244580490562)",POINT (1012006.999983467 245417.0144312297),10,83.0,0,0.04,28,0,1936.7073170731708,127.72231707317074,3,6.121951219512195,0.36,2
50,370,43149853,2019-06-29 08:36:00,,DEP,Department of Environmental Protection,Noise,Noise: Construction Before/After Hours (NM1),,10464.0,151 PARK DRIVE,PARK DRIVE,OAK LN,EDGEMERE ST,,,ADDRESS,BRONX,,,Open,,,,12 BRONX,2056520075.0,BRONX,1037570.0,262327.0,UNKNOWN,Unspecified,BRONX,,,,,,,,40.88653995563392,-73.80716425096016,"(40.886539955633914, -73.80716425096016)",0,"(-73.807164250960156, 40.886539955633921)",POINT (1037569.999968207 262327.0144417776),8,83.0,0,0.04,58,0,1921.5805369127518,132.46976510067103,7,1.389261744966443,0.25,2
52,372,43150034,2019-06-29 08:17:00,,DEP,Department of Environmental Protection,Noise,Noise:  lawn care equipment (NCL),,10469.0,3019 WILSON AVENUE,WILSON AVENUE,ADEE AVE,BURKE AVE,,,ADDRESS,BRONX,,,Open,,,,11 BRONX,2045880049.0,BRONX,1026020.0,256221.0,UNKNOWN,Unspecified,BRONX,,,,,,,,40.869843129582335,-73.84897366438592,"(40.869843129582335, -73.84897366438592)",1,"(-73.848973664385923, 40.869843129582335)",POINT (1026019.99997511 256221.0144379827),8,83.0,10,0.04,25,1,1941.6269430051814,97.80248704663217,6,1.9015544041450778,0.3,2
53,373,43150471,2019-06-29 18:44:00,,DEP,Department of Environmental Protection,Noise,Noise: air condition/ventilation equipment (NV1),,10003.0,33 UNION SQUARE WEST,UNION SQUARE WEST,E 16 ST,BROADWAY,,,ADDRESS,NEW YORK,,,Open,,,,05 MANHATTAN,1008440019.0,MANHATTAN,986842.0,207675.0,UNKNOWN,Unspecified,MANHATTAN,,,,,,,,40.7366961663205,-73.99064692810911,"(40.7366961663205, -73.99064692810911)",1,"(-73.990646928109115, 40.736696166320499)",POINT (986841.9999984624 207675.01440724),18,83.0,6,0.04,36,1,1914.6666666666667,119.58510416666667,14,14.927083333333334,0.41,2
54,374,43150472,2019-06-29 18:04:00,,DEP,Department of Environmental Protection,Noise,Noise: air condition/ventilation equipment (NV1),,10025.0,193 MANHATTAN AVENUE,MANHATTAN AVENUE,W 108 ST,W 109 ST,,,ADDRESS,NEW YORK,,,Open,,,,07 MANHATTAN,1018440012.0,MANHATTAN,995225.0,230815.0,UNKNOWN,Unspecified,MANHATTAN,,,,,,,,40.800203016880566,-73.96035960704589,"(40.80020301688057, -73.96035960704589)",0,"(-73.960359607045888, 40.800203016880566)",POINT (995224.9999934705 230815.0144220129),18,83.0,6,0.04,1,0,1845.2068965517242,95.92413793103451,5,48.206896551724135,0.58,1
61,381,43150496,2019-06-29 17:33:00,,DEP,Department of Environmental Protection,Noise,Noise: Construction Before/After Hours (NM1),,10027.0,,,,,WEST 125 STREET,BROADWAY,INTERSECTION,NEW YORK,,,Open,,,,09 MANHATTAN,,MANHATTAN,995794.0,236458.0,UNKNOWN,Unspecified,MANHATTAN,,,,,,,,40.81569076449531,-73.95829474326734,"(40.81569076449531, -73.95829474326734)",0,"(-73.958294743267345, 40.815690764495308)",POINT (995793.9999931325 236458.0144255882),17,83.0,0,0.04,39,0,1726.2898550724638,103.39,0,6.449275362318841,0.18,2
63,383,43150499,2019-06-29 14:31:00,,DEP,Department of Environmental Protection,Noise,Noise: Construction Before/After Hours (NM1),,10032.0,617 WEST  168 STREET,WEST  168 STREET,BROADWAY,FT WASHINGTON AVE,,,ADDRESS,NEW YORK,,,Open,,,,12 MANHATTAN,1021380095.0,MANHATTAN,1000716.0,245827.0,UNKNOWN,Unspecified,MANHATTAN,,,,,,,,40.841398182362006,-73.94048993811191,"(40.841398182362006, -73.9404899381119)",0,"(-73.940489938111909, 40.841398182362006)",POINT (1000715.999990189 245827.0144315056),14,83.0,0,0.04,154,0,1929.5945945945946,219.31432432432433,0,15.783783783783784,0.33,2
66,386,43150504,2019-06-29 08:32:00,,DEP,Department of Environmental Protection,Noise,Noise: Construction Before/After Hours (NM1),,10464.0,149 PARK DRIVE,PARK DRIVE,OAK LN,EDGEMERE ST,,,ADDRESS,BRONX,,,Open,,,,12 BRONX,,BRONX,1037560.0,262330.0,UNKNOWN,Unspecified,BRONX,,,,,,,,40.88654825008789,-73.80720039270777,"(40.88654825008789, -73.80720039270777)",0,"(-73.80720039270777, 40.886548250087891)",POINT (1037559.999968213 262330.0144417666),8,83.0,0,0.04,58,0,1921.5805369127518,132.46976510067103,7,1.389261744966443,0.25,2
74,394,43151142,2019-06-29 14:56:00,,DEP,Department of Environmental Protection,Noise,"Noise, Ice Cream Truck (NR4)",,10022.0,2 SUTTON PLACE SOUTH,SUTTON PLACE SOUTH,E 57 ST,E 56 ST,,,ADDRESS,NEW YORK,,,Open,,,,06 MANHATTAN,1013680025.0,MANHATTAN,995123.0,215171.0,UNKNOWN,Unspecified,MANHATTAN,,,,,,,,40.757264498010585,-73.9607533347614,"(40.757264498010585, -73.9607533347614)",0,"(-73.960753334761407, 40.757264498010585)",POINT (995122.9999935388 215171.0144120447),14,83.0,7,0.04,18,0,1939.6,115.033,15,103.2,0.33,2
75,395,43151147,2019-06-29 17:14:00,,DEP,Department of Environmental Protection,Noise,Noise: Construction Before/After Hours (NM1),,10013.0,7 WOOSTER STREET,WOOSTER STREET,CANAL ST,GRAND ST,,,ADDRESS,NEW YORK,,,Open,,,,02 MANHATTAN,1002287501.0,MANHATTAN,983241.0,202034.0,UNKNOWN,Unspecified,MANHATTAN,,,,,,,,40.72121332126813,-74.00364006833301,"(40.72121332126813, -74.00364006833301)",1,"(-74.003640068333013, 40.721213321268131)",POINT (983241.0000005984 202034.014403614),17,83.0,0,0.04,66,1,1897.8058252427184,94.08393203883497,3,6.912621359223301,0.18,2
76,396,43151148,2019-06-29 17:11:00,,DEP,Department of Environmental Protection,Noise,Noise: Construction Before/After Hours (NM1),,10465.0,3077 CROSS BRONX EXPRESSWAY,CROSS BRONX EXPRESSWAY,LOGAN AVE,HOLLYWOOD AVE,,,ADDRESS,BRONX,,,Open,,,,10 BRONX,,BRONX,1034981.0,238795.0,UNKNOWN,Unspecified,BRONX,,,,,,,,40.821967034424695,-73.81670561381989,"(40.821967034424695, -73.81670561381989)",1,"(-73.816705613819892, 40.821967034424695)",POINT (1034980.999969812 238795.014427016),17,83.0,0,0.04,21,1,1929.3503184713377,101.86146496815287,7,2.082802547770701,0.27,2
77,397,43151151,2019-06-29 09:20:00,,DEP,Department of Environmental Protection,Noise,Noise: Construction Before/After Hours (NM1),,10022.0,300 EAST   56 STREET,EAST   56 STREET,2 AVE,1 AVE,,,ADDRESS,NEW YORK,,,Open,,,,06 MANHATTAN,1013480049.0,MANHATTAN,993826.0,215612.0,UNKNOWN,Unspecified,MANHATTAN,,,,,,,,40.75847643011189,-73.96543429581679,"(40.75847643011189, -73.96543429581682)",1,"(-73.965434295816792, 40.758476430111891)",POINT (993825.9999943196 215612.0144123294),9,83.0,0,0.04,24,1,1930.142857142857,147.21571428571428,5,80.85714285714286,0.54,1
78,398,43151152,2019-06-29 08:59:00,,DEP,Department of Environmental Protection,Noise,Noise: Construction Before/After Hours (NM1),,10021.0,5 EAST   75 STREET,EAST   75 STREET,5 AVE,MADISON AVE,,,ADDRESS,NEW YORK,,,Open,,,,08 MANHATTAN,1013900008.0,MANHATTAN,993895.0,221353.0,UNKNOWN,Unspecified,MANHATTAN,,,,,,,,40.77423391262782,-73.96517699413019,"(40.77423391262782, -73.96517699413018)",0,"(-73.965176994130189, 40.774233912627821)",POINT (993894.9999942661 221353.0144159948),8,83.0,0,0.04,18,0,1916.378787878788,102.51787878787881,5,12.803030303030303,0.23,2
79,399,43151153,2019-06-29 08:29:00,,DEP,Department of Environmental Protection,Noise,Noise: Construction Before/After Hours (NM1),,10024.0,165 WEST   80 STREET,WEST   80 STREET,COLUMBUS AVE,AMSTERDAM AVE,,,ADDRESS,NEW YORK,,,Open,,,,07 MANHATTAN,1012110007.0,MANHATTAN,990576.0,224748.0,UNKNOWN,Unspecified,MANHATTAN,,,,,,,,40.78355528921736,-73.97715695474642,"(40.78355528921736, -73.97715695474642)",1,"(-73.97715695474642, 40.783555289217361)",POINT (990575.99999624 224748.0144181587),8,83.0,0,0.04,1,1,1904.40625,99.0965625,5,11.375,0.36,2
74,314,43147380,2019-06-29 17:36:00,,DEP,Department of Environmental Protection,Noise,Noise: Construction Before/After Hours (NM1),,10027.0,,,,,TIEMANN PLACE,BROADWAY,INTERSECTION,NEW YORK,,,Open,,,,09 MANHATTAN,,MANHATTAN,995681.0,236250.0,UNKNOWN,Unspecified,MANHATTAN,,,,,,,,40.81512000971229,-73.9587033349937,"(40.81512000971229, -73.9587033349937)",1,"(-73.9587033349937, 40.815120009712288)",POINT (995680.9999931998 236250.0144254613),17,83.0,0,0.04,154,1,1914.1515151515152,102.8409090909091,5,28.484848484848484,0.31,2
75,315,43147381,2019-06-29 17:05:00,,DEP,Department of Environmental Protection,Noise,Noise: Construction Before/After Hours (NM1),,10462.0,2120 MATTHEWS AVENUE,MATTHEWS AVENUE,BRADY AVE,LYDIG AVE,,,ADDRESS,BRONX,,,Open,,,,11 BRONX,2042970034.0,BRONX,1022168.0,250478.0,UNKNOWN,Unspecified,BRONX,,,,,,,,40.85409773397254,-73.86293367416052,"(40.85409773397254, -73.86293367416052)",0,"(-73.862933674160516, 40.854097733972537)",POINT (1022167.999977416 250478.0144344004),17,83.0,0,0.04,11,0,1919.7847222222222,97.16541666666666,6,4.784722222222222,0.21,2
76,316,43147382,2019-06-29 12:38:00,,DEP,Department of Environmental Protection,Noise,Noise: Construction Before/After Hours (NM1),,10009.0,115 AVENUE C,AVENUE C,E 7 ST,E 8 ST,,,ADDRESS,NEW YORK,,,Open,,,,03 MANHATTAN,1003900034.0,MANHATTAN,990165.0,203185.0,UNKNOWN,Unspecified,MANHATTAN,,,,,,,,40.72437061779559,-73.97866003523008,"(40.724370617795586, -73.97866003523008)",0,"(-73.978660035230078, 40.724370617795593)",POINT (990164.999996493 203185.0144043578),12,83.0,0,0.04,39,0,1902.8235294117646,92.27176470588235,5,16.441176470588236,0.37,2
77,317,43147383,2019-06-29 10:22:00,,DEP,Department of Environmental Protection,Noise,Noise: Construction Before/After Hours (NM1),,10022.0,430 EAST   58 STREET,EAST   58 STREET,1 AVE,SUTTON PL,,,ADDRESS,NEW YORK,,,Open,,,,06 MANHATTAN,1013690034.0,MANHATTAN,994883.0,215668.0,UNKNOWN,Unspecified,MANHATTAN,,,,,,,,40.75862892778897,-73.96161884124231,"(40.75862892778897, -73.96161884124231)",0,"(-73.961618841242313, 40.758628927788969)",POINT (994882.9999936856 215668.0144123643),10,83.0,0,0.04,18,0,1856.4074074074074,97.47148148148152,15,38.0,0.26,2
2,402,43151155,2019-06-29 08:07:00,,DEP,Department of Environmental Protection,Noise,Noise: Construction Before/After Hours (NM1),,10464.0,151 PARK DRIVE,PARK DRIVE,OAK LN,EDGEMERE ST,,,ADDRESS,BRONX,,,Open,,,,12 BRONX,2056520075.0,BRONX,1037570.0,262327.0,UNKNOWN,Unspecified,BRONX,,,,,,,,40.88653995563392,-73.80716425096016,"(40.886539955633914, -73.80716425096016)",0,"(-73.807164250960156, 40.886539955633921)",POINT (1037569.999968207 262327.0144417776),8,83.0,0,0.04,58,0,1921.5805369127518,132.46976510067103,7,1.389261744966443,0.25,2
6,406,43151690,2019-06-29 17:23:00,,DEP,Department of Environmental Protection,Noise,Noise: air condition/ventilation equipment (NV1),,10009.0,76 AVENUE B,AVENUE B,E 5 ST,E 6 ST,,,ADDRESS,NEW YORK,,,Open,,,,03 MANHATTAN,1004010041.0,MANHATTAN,989232.0,203042.0,UNKNOWN,Unspecified,MANHATTAN,,,,,,,,40.72397869213127,-73.98202619121835,"(40.72397869213127, -73.98202619121835)",0,"(-73.982026191218353, 40.723978692131269)",POINT (989231.9999970488 203042.0144042653),17,83.0,6,0.04,39,0,1809.5,97.6006756756757,0,15.58108108108108,0.95,1
7,407,43151691,2019-06-29 06:18:00,,DEP,Department of Environmental Protection,Noise,Noise: air condition/ventilation equipment (NV1),,10009.0,645 EAST   11 STREET,EAST   11 STREET,AVENUE B,AVENUE C,,,ADDRESS,NEW YORK,,,Open,,,,03 MANHATTAN,1003947501.0,MANHATTAN,990432.0,204044.0,UNKNOWN,Unspecified,MANHATTAN,,,,,,,,40.72672818147081,-73.9776959713579,"(40.72672818147081, -73.9776959713579)",0,"(-73.977695971357903, 40.726728181470811)",POINT (990431.9999963345 204044.0144049108),6,83.0,6,0.04,1,0,1933.5116279069769,99.53093023255813,5,22.372093023255815,0.67,1
12,412,43151713,2019-06-29 17:57:00,,DEP,Department of Environmental Protection,Noise,Noise: Construction Before/After Hours (NM1),,10010.0,,,,,EAST 23 STREET,MADISON AVENUE,INTERSECTION,NEW YORK,,,Open,,,,05 MANHATTAN,,MANHATTAN,987580.0,209197.0,UNKNOWN,Unspecified,MANHATTAN,,,,,,,,40.74087343181759,-73.98798314731042,"(40.74087343181759, -73.98798314731042)",0,"(-73.987983147310416, 40.74087343181759)",POINT (987579.9999980167 209197.0144082122),17,83.0,0,0.04,10,0,1921.04,123.0268,14,28.96,0.28,2
14,414,43151716,2019-06-29 14:13:00,,DEP,Department of Environmental Protection,Noise,Noise: Construction Before/After Hours (NM1),,10025.0,410 RIVERSIDE DRIVE,RIVERSIDE DRIVE,W 113 ST,W 114 ST,,,ADDRESS,NEW YORK,,,Open,,,,09 MANHATTAN,1018950039.0,MANHATTAN,993357.0,233260.0,UNKNOWN,Unspecified,MANHATTAN,,,,,,,,40.806915992717755,-73.9671032834232,"(40.80691599271776, -73.9671032834232)",0,"(-73.967103283423199, 40.806915992717755)",POINT (993356.9999945853 233260.0144235653),14,83.0,0,0.04,154,0,1912.5588235294117,104.6294117647059,5,35.6764705882353,0.32,2
16,416,43151720,2019-06-29 09:46:00,,DEP,Department of Environmental Protection,Noise,Noise: Construction Before/After Hours (NM1),,10466.0,4375 MATILDA AVENUE,MATILDA AVENUE,E 237 ST,NEREID AVE,,,ADDRESS,BRONX,,,Open,,,,12 BRONX,2050400043.0,BRONX,1023878.0,266668.0,UNKNOWN,Unspecified,BRONX,,,,,,,,40.89852671563806,-73.85665659392042,"(40.89852671563806, -73.85665659392042)",0,"(-73.85665659392042, 40.898526715638063)",POINT (1023877.999976365 266668.0144445056),9,83.0,0,0.04,109,0,1908.8740157480315,105.57637795275589,2,3.0393700787401574,0.28,2
20,420,43151730,2019-06-29 12:13:00,,DEP,Department of Environmental Protection,Noise,Noise: Jack Hammering (NC2),,10032.0,536 WEST  159 STREET,WEST  159 STREET,AMSTERDAM AVE,BROADWAY,,,ADDRESS,NEW YORK,,,Open,,,,12 MANHATTAN,1021170018.0,MANHATTAN,1000244.0,243335.0,UNKNOWN,Unspecified,MANHATTAN,,,,,,,,40.83455923452599,-73.94220174373362,"(40.83455923452599, -73.94220174373363)",0,"(-73.942201743733619, 40.83455923452599)",POINT (1000243.999990482 243335.0144299318),12,83.0,5,0.04,22,0,1911.2972972972973,101.33351351351354,0,16.945945945945947,0.21,2
